Time Step,Time,water_potential_evaporation_flux
0,2015-12-01 00:00:00,0.000000016
1,2015-12-01 01:00:00,0.000000040
2,2015-12-01 02:00:00,0.000000002
3,2015-12-01 03:00:00,0.000000000
4,2015-12-01 04:00:00,0.000000036
5,2015-12-01 05:00:00,0.000000032
6,2015-12-01 06:00:00,0.000000000
7,2015-12-01 07:00:00,0.000000000
8,2015-12-01 08:00:00,0.000000000
9,2015-12-01 09:00:00,0.000000000
10,2015-12-01 10:00:00,0.000000000
11,2015-12-01 11:00:00,0.000000000
12,2015-12-01 12:00:00,0.000000000
13,2015-12-01 13:00:00,0.000000023
14,2015-12-01 14:00:00,0.000000055
15,2015-12-01 15:00:00,0.000000132
16,2015-12-01 16:00:00,0.000000100
17,2015-12-01 17:00:00,0.000000152
18,2015-12-01 18:00:00,0.000000176
19,2015-12-01 19:00:00,0.000000166
20,2015-12-01 20:00:00,0.000000088
21,2015-12-01 21:00:00,0.000000100
22,2015-12-01 22:00:00,0.000000066
23,2015-12-01 23:00:00,0.000000059
24,2015-12-02 00:00:00,0.000000056
25,2015-12-02 01:00:00,0.000000052
26,2015-12-02 02:00:00,0.000000010
27,2015-12-02 03:00:00,0.000000039
28,2015-12-02 04:00:00,0.000000046
29,2015-12-02 05:00:00,0.000000056
30,2015-12-02 06:00:00,0.000000064
31,2015-12-02 07:00:00,0.000000067
32,2015-12-02 08:00:00,0.000000001
33,2015-12-02 09:00:00,0.000000078
34,2015-12-02 10:00:00,0.000000079
35,2015-12-02 11:00:00,0.000000078
36,2015-12-02 12:00:00,0.000000082
37,2015-12-02 13:00:00,0.000000032
38,2015-12-02 14:00:00,0.000000062
39,2015-12-02 15:00:00,0.000000053
40,2015-12-02 16:00:00,0.000000060
41,2015-12-02 17:00:00,0.000000142
42,2015-12-02 18:00:00,0.000000068
43,2015-12-02 19:00:00,0.000000057
44,2015-12-02 20:00:00,0.000000047
45,2015-12-02 21:00:00,0.000000025
46,2015-12-02 22:00:00,0.000000012
47,2015-12-02 23:00:00,0.000000025
48,2015-12-03 00:00:00,0.000000058
49,2015-12-03 01:00:00,0.000000066
50,2015-12-03 02:00:00,0.000000054
51,2015-12-03 03:00:00,0.000000025
52,2015-12-03 04:00:00,0.000000010
53,2015-12-03 05:00:00,0.000000002
54,2015-12-03 06:00:00,0.000000000
55,2015-12-03 07:00:00,0.000000000
56,2015-12-03 08:00:00,0.000000000
57,2015-12-03 09:00:00,0.000000000
58,2015-12-03 10:00:00,0.000000000
59,2015-12-03 11:00:00,0.000000000
60,2015-12-03 12:00:00,0.000000000
61,2015-12-03 13:00:00,0.000000012
62,2015-12-03 14:00:00,0.000000118
63,2015-12-03 15:00:00,0.000000214
64,2015-12-03 16:00:00,0.000000254
65,2015-12-03 17:00:00,0.000000258
66,2015-12-03 18:00:00,0.000000257
67,2015-12-03 19:00:00,0.000000238
68,2015-12-03 20:00:00,0.000000186
69,2015-12-03 21:00:00,0.000000115
70,2015-12-03 22:00:00,0.000000037
71,2015-12-03 23:00:00,0.000000009
72,2015-12-04 00:00:00,0.000000000
73,2015-12-04 01:00:00,0.000000000
74,2015-12-04 02:00:00,0.000000000
75,2015-12-04 03:00:00,0.000000000
76,2015-12-04 04:00:00,0.000000000
77,2015-12-04 05:00:00,0.000000000
78,2015-12-04 06:00:00,0.000000000
79,2015-12-04 07:00:00,0.000000000
80,2015-12-04 08:00:00,0.000000000
81,2015-12-04 09:00:00,0.000000000
82,2015-12-04 10:00:00,0.000000000
83,2015-12-04 11:00:00,0.000000000
84,2015-12-04 12:00:00,0.000000000
85,2015-12-04 13:00:00,0.000000006
86,2015-12-04 14:00:00,0.000000079
87,2015-12-04 15:00:00,0.000000163
88,2015-12-04 16:00:00,0.000000211
89,2015-12-04 17:00:00,0.000000249
90,2015-12-04 18:00:00,0.000000262
91,2015-12-04 19:00:00,0.000000248
92,2015-12-04 20:00:00,0.000000210
93,2015-12-04 21:00:00,0.000000138
94,2015-12-04 22:00:00,0.000000063
95,2015-12-04 23:00:00,0.000000017
96,2015-12-05 00:00:00,0.000000000
97,2015-12-05 01:00:00,0.000000000
98,2015-12-05 02:00:00,0.000000000
99,2015-12-05 03:00:00,0.000000000
100,2015-12-05 04:00:00,0.000000000
101,2015-12-05 05:00:00,0.000000000
102,2015-12-05 06:00:00,0.000000000
103,2015-12-05 07:00:00,0.000000000
104,2015-12-05 08:00:00,0.000000000
105,2015-12-05 09:00:00,0.000000000
106,2015-12-05 10:00:00,0.000000000
107,2015-12-05 11:00:00,0.000000000
108,2015-12-05 12:00:00,0.000000000
109,2015-12-05 13:00:00,0.000000000
110,2015-12-05 14:00:00,0.000000082
111,2015-12-05 15:00:00,0.000000173
112,2015-12-05 16:00:00,0.000000222
113,2015-12-05 17:00:00,0.000000248
114,2015-12-05 18:00:00,0.000000267
115,2015-12-05 19:00:00,0.000000248
116,2015-12-05 20:00:00,0.000000208
117,2015-12-05 21:00:00,0.000000139
118,2015-12-05 22:00:00,0.000000076
119,2015-12-05 23:00:00,0.000000034
120,2015-12-06 00:00:00,0.000000019
121,2015-12-06 01:00:00,0.000000017
122,2015-12-06 02:00:00,0.000000012
123,2015-12-06 03:00:00,0.000000005
124,2015-12-06 04:00:00,0.000000002
125,2015-12-06 05:00:00,0.000000000
126,2015-12-06 06:00:00,0.000000000
127,2015-12-06 07:00:00,0.000000000
128,2015-12-06 08:00:00,0.000000000
129,2015-12-06 09:00:00,0.000000002
130,2015-12-06 10:00:00,0.000000000
131,2015-12-06 11:00:00,0.000000000
132,2015-12-06 12:00:00,0.000000000
133,2015-12-06 13:00:00,0.000000010
134,2015-12-06 14:00:00,0.000000075
135,2015-12-06 15:00:00,0.000000146
136,2015-12-06 16:00:00,0.000000183
137,2015-12-06 17:00:00,0.000000192
138,2015-12-06 18:00:00,0.000000203
139,2015-12-06 19:00:00,0.000000178
140,2015-12-06 20:00:00,0.000000138
141,2015-12-06 21:00:00,0.000000069
142,2015-12-06 22:00:00,0.000000008
143,2015-12-06 23:00:00,0.000000000
144,2015-12-07 00:00:00,0.000000000
145,2015-12-07 01:00:00,0.000000000
146,2015-12-07 02:00:00,0.000000000
147,2015-12-07 03:00:00,0.000000000
148,2015-12-07 04:00:00,0.000000000
149,2015-12-07 05:00:00,0.000000000
150,2015-12-07 06:00:00,0.000000006
151,2015-12-07 07:00:00,0.000000004
152,2015-12-07 08:00:00,0.000000000
153,2015-12-07 09:00:00,0.000000000
154,2015-12-07 10:00:00,0.000000000
155,2015-12-07 11:00:00,0.000000000
156,2015-12-07 12:00:00,0.000000014
157,2015-12-07 13:00:00,0.000000038
158,2015-12-07 14:00:00,0.000000036
159,2015-12-07 15:00:00,0.000000110
160,2015-12-07 16:00:00,0.000000158
161,2015-12-07 17:00:00,0.000000181
162,2015-12-07 18:00:00,0.000000196
163,2015-12-07 19:00:00,0.000000180
164,2015-12-07 20:00:00,0.000000151
165,2015-12-07 21:00:00,0.000000103
166,2015-12-07 22:00:00,0.000000045
167,2015-12-07 23:00:00,0.000000012
168,2015-12-08 00:00:00,0.000000000
169,2015-12-08 01:00:00,0.000000000
170,2015-12-08 02:00:00,0.000000000
171,2015-12-08 03:00:00,0.000000000
172,2015-12-08 04:00:00,0.000000000
173,2015-12-08 05:00:00,0.000000000
174,2015-12-08 06:00:00,0.000000000
175,2015-12-08 07:00:00,0.000000000
176,2015-12-08 08:00:00,0.000000000
177,2015-12-08 09:00:00,0.000000000
178,2015-12-08 10:00:00,0.000000000
179,2015-12-08 11:00:00,0.000000000
180,2015-12-08 12:00:00,0.000000000
181,2015-12-08 13:00:00,0.000000000
182,2015-12-08 14:00:00,0.000000034
183,2015-12-08 15:00:00,0.000000101
184,2015-12-08 16:00:00,0.000000138
185,2015-12-08 17:00:00,0.000000168
186,2015-12-08 18:00:00,0.000000185
187,2015-12-08 19:00:00,0.000000178
188,2015-12-08 20:00:00,0.000000154
189,2015-12-08 21:00:00,0.000000091
190,2015-12-08 22:00:00,0.000000033
191,2015-12-08 23:00:00,0.000000000
192,2015-12-09 00:00:00,0.000000000
193,2015-12-09 01:00:00,0.000000000
194,2015-12-09 02:00:00,0.000000000
195,2015-12-09 03:00:00,0.000000000
196,2015-12-09 04:00:00,0.000000000
197,2015-12-09 05:00:00,0.000000000
198,2015-12-09 06:00:00,0.000000000
199,2015-12-09 07:00:00,0.000000000
200,2015-12-09 08:00:00,0.000000000
201,2015-12-09 09:00:00,0.000000000
202,2015-12-09 10:00:00,0.000000000
203,2015-12-09 11:00:00,0.000000000
204,2015-12-09 12:00:00,0.000000008
205,2015-12-09 13:00:00,0.000000025
206,2015-12-09 14:00:00,0.000000057
207,2015-12-09 15:00:00,0.000000090
208,2015-12-09 16:00:00,0.000000132
209,2015-12-09 17:00:00,0.000000163
210,2015-12-09 18:00:00,0.000000199
211,2015-12-09 19:00:00,0.000000177
212,2015-12-09 20:00:00,0.000000142
213,2015-12-09 21:00:00,0.000000074
214,2015-12-09 22:00:00,0.000000022
215,2015-12-09 23:00:00,0.000000008
216,2015-12-10 00:00:00,0.000000013
217,2015-12-10 01:00:00,0.000000000
218,2015-12-10 02:00:00,0.000000000
219,2015-12-10 03:00:00,0.000000000
220,2015-12-10 04:00:00,0.000000000
221,2015-12-10 05:00:00,0.000000000
222,2015-12-10 06:00:00,0.000000000
223,2015-12-10 07:00:00,0.000000000
224,2015-12-10 08:00:00,0.000000000
225,2015-12-10 09:00:00,0.000000000
226,2015-12-10 10:00:00,0.000000000
227,2015-12-10 11:00:00,0.000000000
228,2015-12-10 12:00:00,0.000000000
229,2015-12-10 13:00:00,0.000000000
230,2015-12-10 14:00:00,0.000000051
231,2015-12-10 15:00:00,0.000000117
232,2015-12-10 16:00:00,0.000000150
233,2015-12-10 17:00:00,0.000000182
234,2015-12-10 18:00:00,0.000000192
235,2015-12-10 19:00:00,0.000000182
236,2015-12-10 20:00:00,0.000000159
237,2015-12-10 21:00:00,0.000000120
238,2015-12-10 22:00:00,0.000000070
239,2015-12-10 23:00:00,0.000000039
240,2015-12-11 00:00:00,0.000000019
241,2015-12-11 01:00:00,0.000000015
242,2015-12-11 02:00:00,0.000000010
243,2015-12-11 03:00:00,0.000000008
244,2015-12-11 04:00:00,0.000000010
245,2015-12-11 05:00:00,0.000000013
246,2015-12-11 06:00:00,0.000000017
247,2015-12-11 07:00:00,0.000000009
248,2015-12-11 08:00:00,0.000000008
249,2015-12-11 09:00:00,0.000000000
250,2015-12-11 10:00:00,0.000000000
251,2015-12-11 11:00:00,0.000000000
252,2015-12-11 12:00:00,0.000000014
253,2015-12-11 13:00:00,0.000000002
254,2015-12-11 14:00:00,0.000000044
255,2015-12-11 15:00:00,0.000000103
256,2015-12-11 16:00:00,0.000000133
257,2015-12-11 17:00:00,0.000000147
258,2015-12-11 18:00:00,0.000000160
259,2015-12-11 19:00:00,0.000000197
260,2015-12-11 20:00:00,0.000000178
261,2015-12-11 21:00:00,0.000000106
262,2015-12-11 22:00:00,0.000000047
263,2015-12-11 23:00:00,0.000000010
264,2015-12-12 00:00:00,0.000000000
265,2015-12-12 01:00:00,0.000000042
266,2015-12-12 02:00:00,0.000000040
267,2015-12-12 03:00:00,0.000000039
268,2015-12-12 04:00:00,0.000000000
269,2015-12-12 05:00:00,0.000000050
270,2015-12-12 06:00:00,0.000000060
271,2015-12-12 07:00:00,0.000000000
272,2015-12-12 08:00:00,0.000000000
273,2015-12-12 09:00:00,0.000000000
274,2015-12-12 10:00:00,0.000000000
275,2015-12-12 11:00:00,0.000000032
276,2015-12-12 12:00:00,0.000000000
277,2015-12-12 13:00:00,0.000000053
278,2015-12-12 14:00:00,0.000000053
279,2015-12-12 15:00:00,0.000000118
280,2015-12-12 16:00:00,0.000000167
281,2015-12-12 17:00:00,0.000000210
282,2015-12-12 18:00:00,0.000000226
283,2015-12-12 19:00:00,0.000000216
284,2015-12-12 20:00:00,0.000000174
285,2015-12-12 21:00:00,0.000000114
286,2015-12-12 22:00:00,0.000000047
287,2015-12-12 23:00:00,0.000000011
288,2015-12-13 00:00:00,0.000000000
289,2015-12-13 01:00:00,0.000000000
290,2015-12-13 02:00:00,0.000000020
291,2015-12-13 03:00:00,0.000000011
292,2015-12-13 04:00:00,0.000000012
293,2015-12-13 05:00:00,0.000000014
294,2015-12-13 06:00:00,0.000000015
295,2015-12-13 07:00:00,0.000000000
296,2015-12-13 08:00:00,0.000000000
297,2015-12-13 09:00:00,0.000000001
298,2015-12-13 10:00:00,0.000000000
299,2015-12-13 11:00:00,0.000000000
300,2015-12-13 12:00:00,0.000000000
301,2015-12-13 13:00:00,0.000000014
302,2015-12-13 14:00:00,0.000000057
303,2015-12-13 15:00:00,0.000000106
304,2015-12-13 16:00:00,0.000000138
305,2015-12-13 17:00:00,0.000000170
306,2015-12-13 18:00:00,0.000000191
307,2015-12-13 19:00:00,0.000000188
308,2015-12-13 20:00:00,0.000000163
309,2015-12-13 21:00:00,0.000000099
310,2015-12-13 22:00:00,0.000000031
311,2015-12-13 23:00:00,0.000000000
312,2015-12-14 00:00:00,0.000000038
313,2015-12-14 01:00:00,0.000000000
314,2015-12-14 02:00:00,0.000000039
315,2015-12-14 03:00:00,0.000000000
316,2015-12-14 04:00:00,0.000000000
317,2015-12-14 05:00:00,0.000000000
318,2015-12-14 06:00:00,0.000000050
319,2015-12-14 07:00:00,0.000000048
320,2015-12-14 08:00:00,0.000000000
321,2015-12-14 09:00:00,0.000000000
322,2015-12-14 10:00:00,0.000000057
323,2015-12-14 11:00:00,0.000000059
324,2015-12-14 12:00:00,0.000000076
325,2015-12-14 13:00:00,0.000000096
326,2015-12-14 14:00:00,0.000000039
327,2015-12-14 15:00:00,0.000000081
328,2015-12-14 16:00:00,0.000000089
329,2015-12-14 17:00:00,0.000000095
330,2015-12-14 18:00:00,0.000000070
331,2015-12-14 19:00:00,0.000000067
332,2015-12-14 20:00:00,0.000000062
333,2015-12-14 21:00:00,0.000000031
334,2015-12-14 22:00:00,0.000000020
335,2015-12-14 23:00:00,0.000000105
336,2015-12-15 00:00:00,0.000000083
337,2015-12-15 01:00:00,0.000000082
338,2015-12-15 02:00:00,0.000000080
339,2015-12-15 03:00:00,0.000000064
340,2015-12-15 04:00:00,0.000000000
341,2015-12-15 05:00:00,0.000000000
342,2015-12-15 06:00:00,0.000000000
343,2015-12-15 07:00:00,0.000000000
344,2015-12-15 08:00:00,0.000000000
345,2015-12-15 09:00:00,0.000000000
346,2015-12-15 10:00:00,0.000000000
347,2015-12-15 11:00:00,0.000000000
348,2015-12-15 12:00:00,0.000000000
349,2015-12-15 13:00:00,0.000000000
350,2015-12-15 14:00:00,0.000000043
351,2015-12-15 15:00:00,0.000000136
352,2015-12-15 16:00:00,0.000000177
353,2015-12-15 17:00:00,0.000000189
354,2015-12-15 18:00:00,0.000000196
355,2015-12-15 19:00:00,0.000000176
356,2015-12-15 20:00:00,0.000000137
357,2015-12-15 21:00:00,0.000000067
358,2015-12-15 22:00:00,0.000000009
359,2015-12-15 23:00:00,0.000000000
360,2015-12-16 00:00:00,0.000000000
361,2015-12-16 01:00:00,0.000000000
362,2015-12-16 02:00:00,0.000000000
363,2015-12-16 03:00:00,0.000000000
364,2015-12-16 04:00:00,0.000000000
365,2015-12-16 05:00:00,0.000000000
366,2015-12-16 06:00:00,0.000000000
367,2015-12-16 07:00:00,0.000000000
368,2015-12-16 08:00:00,0.000000000
369,2015-12-16 09:00:00,0.000000000
370,2015-12-16 10:00:00,0.000000000
371,2015-12-16 11:00:00,0.000000000
372,2015-12-16 12:00:00,0.000000002
373,2015-12-16 13:00:00,0.000000026
374,2015-12-16 14:00:00,0.000000037
375,2015-12-16 15:00:00,0.000000125
376,2015-12-16 16:00:00,0.000000169
377,2015-12-16 17:00:00,0.000000191
378,2015-12-16 18:00:00,0.000000211
379,2015-12-16 19:00:00,0.000000198
380,2015-12-16 20:00:00,0.000000162
381,2015-12-16 21:00:00,0.000000093
382,2015-12-16 22:00:00,0.000000038
383,2015-12-16 23:00:00,0.000000000
384,2015-12-17 00:00:00,0.000000000
385,2015-12-17 01:00:00,0.000000000
386,2015-12-17 02:00:00,0.000000000
387,2015-12-17 03:00:00,0.000000000
388,2015-12-17 04:00:00,0.000000000
389,2015-12-17 05:00:00,0.000000000
390,2015-12-17 06:00:00,0.000000007
391,2015-12-17 07:00:00,0.000000006
392,2015-12-17 08:00:00,0.000000007
393,2015-12-17 09:00:00,0.000000008
394,2015-12-17 10:00:00,0.000000008
395,2015-12-17 11:00:00,0.000000010
396,2015-12-17 12:00:00,0.000000053
397,2015-12-17 13:00:00,0.000000021
398,2015-12-17 14:00:00,0.000000049
399,2015-12-17 15:00:00,0.000000068
400,2015-12-17 16:00:00,0.000000075
401,2015-12-17 17:00:00,0.000000180
402,2015-12-17 18:00:00,0.000000221
403,2015-12-17 19:00:00,0.000000081
404,2015-12-17 20:00:00,0.000000179
405,2015-12-17 21:00:00,0.000000025
406,2015-12-17 22:00:00,0.000000105
407,2015-12-17 23:00:00,0.000000088
408,2015-12-18 00:00:00,0.000000000
409,2015-12-18 01:00:00,0.000000000
410,2015-12-18 02:00:00,0.000000000
411,2015-12-18 03:00:00,0.000000058
412,2015-12-18 04:00:00,0.000000059
413,2015-12-18 05:00:00,0.000000059
414,2015-12-18 06:00:00,0.000000051
415,2015-12-18 07:00:00,0.000000000
416,2015-12-18 08:00:00,0.000000000
417,2015-12-18 09:00:00,0.000000000
418,2015-12-18 10:00:00,0.000000050
419,2015-12-18 11:00:00,0.000000000
420,2015-12-18 12:00:00,0.000000000
421,2015-12-18 13:00:00,0.000000000
422,2015-12-18 14:00:00,0.000000038
423,2015-12-18 15:00:00,0.000000151
424,2015-12-18 16:00:00,0.000000235
425,2015-12-18 17:00:00,0.000000294
426,2015-12-18 18:00:00,0.000000363
427,2015-12-18 19:00:00,0.000000338
428,2015-12-18 20:00:00,0.000000305
429,2015-12-18 21:00:00,0.000000253
430,2015-12-18 22:00:00,0.000000175
431,2015-12-18 23:00:00,0.000000109
432,2015-12-19 00:00:00,0.000000072
433,2015-12-19 01:00:00,0.000000063
434,2015-12-19 02:00:00,0.000000051
435,2015-12-19 03:00:00,0.000000038
436,2015-12-19 04:00:00,0.000000016
437,2015-12-19 05:00:00,0.000000001
438,2015-12-19 06:00:00,0.000000000
439,2015-12-19 07:00:00,0.000000000
440,2015-12-19 08:00:00,0.000000000
441,2015-12-19 09:00:00,0.000000000
442,2015-12-19 10:00:00,0.000000000
443,2015-12-19 11:00:00,0.000000000
444,2015-12-19 12:00:00,0.000000000
445,2015-12-19 13:00:00,0.000000000
446,2015-12-19 14:00:00,0.000000036
447,2015-12-19 15:00:00,0.000000109
448,2015-12-19 16:00:00,0.000000185
449,2015-12-19 17:00:00,0.000000231
450,2015-12-19 18:00:00,0.000000266
451,2015-12-19 19:00:00,0.000000246
452,2015-12-19 20:00:00,0.000000206
453,2015-12-19 21:00:00,0.000000127
454,2015-12-19 22:00:00,0.000000062
455,2015-12-19 23:00:00,0.000000021
456,2015-12-20 00:00:00,0.000000000
457,2015-12-20 01:00:00,0.000000000
458,2015-12-20 02:00:00,0.000000000
459,2015-12-20 03:00:00,0.000000000
460,2015-12-20 04:00:00,0.000000000
461,2015-12-20 05:00:00,0.000000000
462,2015-12-20 06:00:00,0.000000000
463,2015-12-20 07:00:00,0.000000000
464,2015-12-20 08:00:00,0.000000000
465,2015-12-20 09:00:00,0.000000000
466,2015-12-20 10:00:00,0.000000000
467,2015-12-20 11:00:00,0.000000000
468,2015-12-20 12:00:00,0.000000000
469,2015-12-20 13:00:00,0.000000000
470,2015-12-20 14:00:00,0.000000032
471,2015-12-20 15:00:00,0.000000117
472,2015-12-20 16:00:00,0.000000175
473,2015-12-20 17:00:00,0.000000205
474,2015-12-20 18:00:00,0.000000225
475,2015-12-20 19:00:00,0.000000200
476,2015-12-20 20:00:00,0.000000161
477,2015-12-20 21:00:00,0.000000096
478,2015-12-20 22:00:00,0.000000056
479,2015-12-20 23:00:00,0.000000027
480,2015-12-21 00:00:00,0.000000022
481,2015-12-21 01:00:00,0.000000009
482,2015-12-21 02:00:00,0.000000000
483,2015-12-21 03:00:00,0.000000000
484,2015-12-21 04:00:00,0.000000000
485,2015-12-21 05:00:00,0.000000000
486,2015-12-21 06:00:00,0.000000000
487,2015-12-21 07:00:00,0.000000003
488,2015-12-21 08:00:00,0.000000004
489,2015-12-21 09:00:00,0.000000023
490,2015-12-21 10:00:00,0.000000017
491,2015-12-21 11:00:00,0.000000016
492,2015-12-21 12:00:00,0.000000021
493,2015-12-21 13:00:00,0.000000031
494,2015-12-21 14:00:00,0.000000056
495,2015-12-21 15:00:00,0.000000087
496,2015-12-21 16:00:00,0.000000100
497,2015-12-21 17:00:00,0.000000100
498,2015-12-21 18:00:00,0.000000120
499,2015-12-21 19:00:00,0.000000114
500,2015-12-21 20:00:00,0.000000096
501,2015-12-21 21:00:00,0.000000075
502,2015-12-21 22:00:00,0.000000038
503,2015-12-21 23:00:00,0.000000022
504,2015-12-22 00:00:00,0.000000014
505,2015-12-22 01:00:00,0.000000005
506,2015-12-22 02:00:00,0.000000007
507,2015-12-22 03:00:00,0.000000009
508,2015-12-22 04:00:00,0.000000008
509,2015-12-22 05:00:00,0.000000009
510,2015-12-22 06:00:00,0.000000068
511,2015-12-22 07:00:00,0.000000054
512,2015-12-22 08:00:00,0.000000047
513,2015-12-22 09:00:00,0.000000051
514,2015-12-22 10:00:00,0.000000010
515,2015-12-22 11:00:00,0.000000066
516,2015-12-22 12:00:00,0.000000070
517,2015-12-22 13:00:00,0.000000081
518,2015-12-22 14:00:00,0.000000031
519,2015-12-22 15:00:00,0.000000152
520,2015-12-22 16:00:00,0.000000167
521,2015-12-22 17:00:00,0.000000168
522,2015-12-22 18:00:00,0.000000108
523,2015-12-22 19:00:00,0.000000102
524,2015-12-22 20:00:00,0.000000083
525,2015-12-22 21:00:00,0.000000122
526,2015-12-22 22:00:00,0.000000084
527,2015-12-22 23:00:00,0.000000070
528,2015-12-23 00:00:00,0.000000066
529,2015-12-23 01:00:00,0.000000062
530,2015-12-23 02:00:00,0.000000059
531,2015-12-23 03:00:00,0.000000006
532,2015-12-23 04:00:00,0.000000048
533,2015-12-23 05:00:00,0.000000044
534,2015-12-23 06:00:00,0.000000046
535,2015-12-23 07:00:00,0.000000051
536,2015-12-23 08:00:00,0.000000055
537,2015-12-23 09:00:00,0.000000059
538,2015-12-23 10:00:00,0.000000061
539,2015-12-23 11:00:00,0.000000062
540,2015-12-23 12:00:00,0.000000063
541,2015-12-23 13:00:00,0.000000081
542,2015-12-23 14:00:00,0.000000110
543,2015-12-23 15:00:00,0.000000147
544,2015-12-23 16:00:00,0.000000079
545,2015-12-23 17:00:00,0.000000079
546,2015-12-23 18:00:00,0.000000076
547,2015-12-23 19:00:00,0.000000153
548,2015-12-23 20:00:00,0.000000057
549,2015-12-23 21:00:00,0.000000125
550,2015-12-23 22:00:00,0.000000089
551,2015-12-23 23:00:00,0.000000069
552,2015-12-24 00:00:00,0.000000055
553,2015-12-24 01:00:00,0.000000013
554,2015-12-24 02:00:00,0.000000071
555,2015-12-24 03:00:00,0.000000012
556,2015-12-24 04:00:00,0.000000015
557,2015-12-24 05:00:00,0.000000106
558,2015-12-24 06:00:00,0.000000013
559,2015-12-24 07:00:00,0.000000016
560,2015-12-24 08:00:00,0.000000121
561,2015-12-24 09:00:00,0.000000011
562,2015-12-24 10:00:00,0.000000099
563,2015-12-24 11:00:00,0.000000009
564,2015-12-24 12:00:00,0.000000010
565,2015-12-24 13:00:00,0.000000025
566,2015-12-24 14:00:00,0.000000058
567,2015-12-24 15:00:00,0.000000110
568,2015-12-24 16:00:00,0.000000145
569,2015-12-24 17:00:00,0.000000145
570,2015-12-24 18:00:00,0.000000131
571,2015-12-24 19:00:00,0.000000132
572,2015-12-24 20:00:00,0.000000091
573,2015-12-24 21:00:00,0.000000063
574,2015-12-24 22:00:00,0.000000081
575,2015-12-24 23:00:00,0.000000018
576,2015-12-25 00:00:00,0.000000011
577,2015-12-25 01:00:00,0.000000016
578,2015-12-25 02:00:00,0.000000014
579,2015-12-25 03:00:00,0.000000008
580,2015-12-25 04:00:00,0.000000006
581,2015-12-25 05:00:00,0.000000006
582,2015-12-25 06:00:00,0.000000009
583,2015-12-25 07:00:00,0.000000008
584,2015-12-25 08:00:00,0.000000009
585,2015-12-25 09:00:00,0.000000011
586,2015-12-25 10:00:00,0.000000011
587,2015-12-25 11:00:00,0.000000012
588,2015-12-25 12:00:00,0.000000008
589,2015-12-25 13:00:00,0.000000025
590,2015-12-25 14:00:00,0.000000060
591,2015-12-25 15:00:00,0.000000112
592,2015-12-25 16:00:00,0.000000141
593,2015-12-25 17:00:00,0.000000151
594,2015-12-25 18:00:00,0.000000144
595,2015-12-25 19:00:00,0.000000138
596,2015-12-25 20:00:00,0.000000118
597,2015-12-25 21:00:00,0.000000073
598,2015-12-25 22:00:00,0.000000032
599,2015-12-25 23:00:00,0.000000018
600,2015-12-26 00:00:00,0.000000017
601,2015-12-26 01:00:00,0.000000016
602,2015-12-26 02:00:00,0.000000038
603,2015-12-26 03:00:00,0.000000014
604,2015-12-26 04:00:00,0.000000014
605,2015-12-26 05:00:00,0.000000012
606,2015-12-26 06:00:00,0.000000010
607,2015-12-26 07:00:00,0.000000010
608,2015-12-26 08:00:00,0.000000012
609,2015-12-26 09:00:00,0.000000011
610,2015-12-26 10:00:00,0.000000010
611,2015-12-26 11:00:00,0.000000009
612,2015-12-26 12:00:00,0.000000000
613,2015-12-26 13:00:00,0.000000019
614,2015-12-26 14:00:00,0.000000064
615,2015-12-26 15:00:00,0.000000117
616,2015-12-26 16:00:00,0.000000146
617,2015-12-26 17:00:00,0.000000157
618,2015-12-26 18:00:00,0.000000171
619,2015-12-26 19:00:00,0.000000162
620,2015-12-26 20:00:00,0.000000142
621,2015-12-26 21:00:00,0.000000074
622,2015-12-26 22:00:00,0.000000027
623,2015-12-26 23:00:00,0.000000012
624,2015-12-27 00:00:00,0.000000003
625,2015-12-27 01:00:00,0.000000000
626,2015-12-27 02:00:00,0.000000001
627,2015-12-27 03:00:00,0.000000046
628,2015-12-27 04:00:00,0.000000000
629,2015-12-27 05:00:00,0.000000000
630,2015-12-27 06:00:00,0.000000002
631,2015-12-27 07:00:00,0.000000002
632,2015-12-27 08:00:00,0.000000000
633,2015-12-27 09:00:00,0.000000010
634,2015-12-27 10:00:00,0.000000009
635,2015-12-27 11:00:00,0.000000011
636,2015-12-27 12:00:00,0.000000004
637,2015-12-27 13:00:00,0.000000017
638,2015-12-27 14:00:00,0.000000038
639,2015-12-27 15:00:00,0.000000069
640,2015-12-27 16:00:00,0.000000084
641,2015-12-27 17:00:00,0.000000092
642,2015-12-27 18:00:00,0.000000115
643,2015-12-27 19:00:00,0.000000111
644,2015-12-27 20:00:00,0.000000093
645,2015-12-27 21:00:00,0.000000056
646,2015-12-27 22:00:00,0.000000019
647,2015-12-27 23:00:00,0.000000043
648,2015-12-28 00:00:00,0.000000044
649,2015-12-28 01:00:00,0.000000003
650,2015-12-28 02:00:00,0.000000045
651,2015-12-28 03:00:00,0.000000034
652,2015-12-28 04:00:00,0.000000000
653,2015-12-28 05:00:00,0.000000000
654,2015-12-28 06:00:00,0.000000000
655,2015-12-28 07:00:00,0.000000000
656,2015-12-28 08:00:00,0.000000000
657,2015-12-28 09:00:00,0.000000000
658,2015-12-28 10:00:00,0.000000000
659,2015-12-28 11:00:00,0.000000000
660,2015-12-28 12:00:00,0.000000042
661,2015-12-28 13:00:00,0.000000014
662,2015-12-28 14:00:00,0.000000050
663,2015-12-28 15:00:00,0.000000091
664,2015-12-28 16:00:00,0.000000112
665,2015-12-28 17:00:00,0.000000121
666,2015-12-28 18:00:00,0.000000109
667,2015-12-28 19:00:00,0.000000131
668,2015-12-28 20:00:00,0.000000135
669,2015-12-28 21:00:00,0.000000095
670,2015-12-28 22:00:00,0.000000029
671,2015-12-28 23:00:00,0.000000018
672,2015-12-29 00:00:00,0.000000014
673,2015-12-29 01:00:00,0.000000019
674,2015-12-29 02:00:00,0.000000016
675,2015-12-29 03:00:00,0.000000023
676,2015-12-29 04:00:00,0.000000016
677,2015-12-29 05:00:00,0.000000021
678,2015-12-29 06:00:00,0.000000028
679,2015-12-29 07:00:00,0.000000023
680,2015-12-29 08:00:00,0.000000025
681,2015-12-29 09:00:00,0.000000024
682,2015-12-29 10:00:00,0.000000011
683,2015-12-29 11:00:00,0.000000006
684,2015-12-29 12:00:00,0.000000012
685,2015-12-29 13:00:00,0.000000027
686,2015-12-29 14:00:00,0.000000047
687,2015-12-29 15:00:00,0.000000093
688,2015-12-29 16:00:00,0.000000125
689,2015-12-29 17:00:00,0.000000142
690,2015-12-29 18:00:00,0.000000170
691,2015-12-29 19:00:00,0.000000172
692,2015-12-29 20:00:00,0.000000133
693,2015-12-29 21:00:00,0.000000086
694,2015-12-29 22:00:00,0.000000042
695,2015-12-29 23:00:00,0.000000012
696,2015-12-30 00:00:00,0.000000000
697,2015-12-30 01:00:00,0.000000000
698,2015-12-30 02:00:00,0.000000000
699,2015-12-30 03:00:00,0.000000008
700,2015-12-30 04:00:00,0.000000000
701,2015-12-30 05:00:00,0.000000000
702,2015-12-30 06:00:00,0.000000000
703,2015-12-30 07:00:00,0.000000000
704,2015-12-30 08:00:00,0.000000000
705,2015-12-30 09:00:00,0.000000008
706,2015-12-30 10:00:00,0.000000008
707,2015-12-30 11:00:00,0.000000010
708,2015-12-30 12:00:00,0.000000014
709,2015-12-30 13:00:00,0.000000026
710,2015-12-30 14:00:00,0.000000044
711,2015-12-30 15:00:00,0.000000059
712,2015-12-30 16:00:00,0.000000070
713,2015-12-30 17:00:00,0.000000074
714,2015-12-30 18:00:00,0.000000077
715,2015-12-30 19:00:00,0.000000075
716,2015-12-30 20:00:00,0.000000059
717,2015-12-30 21:00:00,0.000000038
718,2015-12-30 22:00:00,0.000000046
719,2015-12-30 23:00:00,0.000000042
